id,first_name,last_name,email,gender,ip_address,car
1,Walton,Hounsom,whounsom0@ehow.com,Male,75.209.214.195,Bugatti
2,Tamar,Arrigo,tarrigo1@twitpic.com,Female,217.61.121.52,CitroÃ«n
3,Sandy,Dymidowicz,sdymidowicz2@webeden.co.uk,Female,161.73.245.166,Volkswagen
4,Clarita,Youtead,cyoutead3@dedecms.com,Female,11.89.91.108,Honda
5,Audrye,Kleinhandler,akleinhandler4@i2i.jp,Female,232.76.77.196,Chevrolet
6,Britni,Plevey,bplevey5@toplist.cz,Female,,
7,Yehudit,Sandars,ysandars6@telegraph.co.uk,Male,,
8,Tait,Rowth,trowth7@jiathis.com,Male,110.106.50.118,Dodge
9,Redford,Mandy,rmandy8@state.gov,Male,96.73.25.240,Chevrolet
10,Orel,Hanrahan,ohanrahan9@myspace.com,Female,,
11,Rosamond,Gawne,rgawnea@fema.gov,Female,,
12,Sybila,Stowe,sstoweb@rediff.com,Female,208.220.34.39,Ford
13,Vick,Keysel,vkeyselc@sun.com,Male,205.139.59.153,Mitsubishi
14,Brynna,Egentan,begentand@wikispaces.com,Female,145.53.48.100,Mazda
15,Kassi,Gelland,kgellande@wunderground.com,Female,160.115.224.64,Audi
16,Osborne,Rizzetti,orizzettif@pen.io,Male,78.165.2.68,Hyundai
17,Daryl,Dickerson,ddickersong@smh.com.au,Male,212.72.245.194,Chrysler
18,Merell,Gheeorghie,mgheeorghieh@google.com.hk,Male,206.38.143.194,Mitsubishi
19,Frederique,Janicki,fjanickii@goo.ne.jp,Female,46.230.127.1,Pontiac
20,Dennis,Petru,dpetruj@flickr.com,Male,234.228.43.188,Volkswagen
21,Sherline,Baseggio,sbaseggiok@ameblo.jp,Female,6.249.60.158,Ford
22,Raffaello,Michieli,rmichielil@cpanel.net,Male,240.123.249.30,Nissan
23,Hashim,Hurche,hhurchem@lycos.com,Male,163.136.111.117,Pontiac
24,Torre,Basketter,tbaskettern@bloglines.com,Male,247.111.115.124,Volkswagen
25,Kati,Tall,ktallo@npr.org,Female,123.89.114.139,Mitsubishi
26,Cecilio,Franciskiewicz,cfranciskiewiczp@theatlantic.com,Male,58.80.75.234,Cadillac
27,Mendie,Samter,msamterq@google.de,Male,106.120.6.205,Dodge
28,Abbie,Kauschke,akauschker@timesonline.co.uk,Male,61.252.66.156,Ford
29,Hunter,Laing,hlaings@t.co,Male,240.237.113.229,Nissan
30,Yard,Haestier,yhaestiert@mapquest.com,Male,,
31,Wallie,Legging,wleggingu@washingtonpost.com,Male,38.54.127.175,GMC
32,Grazia,Tappor,gtapporv@cafepress.com,Female,,
33,Manolo,Belfit,mbelfitw@thetimes.co.uk,Male,199.212.133.204,Mercedes-Benz
34,Adrian,Hovee,ahoveex@cargocollective.com,Male,23.181.27.167,Land Rover
35,Jorry,Orrum,jorrumy@yahoo.co.jp,Female,,
36,Kathleen,Connett,kconnettz@europa.eu,Female,22.194.227.37,Bentley
37,Daniella,Wickersham,dwickersham10@arstechnica.com,Female,103.70.2.142,Ford
38,Silvano,Edgson,sedgson11@rambler.ru,Male,236.253.7.150,Honda
39,Hallie,Graeser,hgraeser12@meetup.com,Female,154.239.126.78,Toyota
40,Gratiana,Jon,gjon13@addthis.com,Female,222.219.5.146,Mercedes-Benz
41,Luella,Whitley,lwhitley14@sbwire.com,Female,132.109.251.146,Pontiac
42,Oberon,Sivorn,osivorn15@youku.com,Male,,
43,Dom,Paolinelli,dpaolinelli16@list-manage.com,Male,199.93.106.34,Mazda
44,Ingram,Carous,icarous17@domainmarket.com,Male,158.236.210.139,Mercury
45,Chrissie,Lodeke,clodeke18@npr.org,Female,82.61.103.251,Ford
46,Keelia,Pitson,kpitson19@dot.gov,Female,119.84.123.115,Mitsubishi
47,Oran,Moggan,omoggan1a@a8.net,Male,184.97.253.76,Saturn
48,Boone,Mehaffey,bmehaffey1b@google.nl,Male,,
49,Andrey,Carrivick,acarrivick1c@shop-pro.jp,Male,,
50,Leta,Ferrero,lferrero1d@mapy.cz,Female,14.164.50.142,Hyundai
51,Van,Delia,vdelia1e@wikia.com,Male,,
52,Maire,Pledge,mpledge1f@google.com,Female,185.41.107.91,Kia
53,Brian,Datte,bdatte1g@1und1.de,Male,,
54,Adele,Sabathier,asabathier1h@ezinearticles.com,Female,201.211.54.82,Suzuki
55,Aeriell,Odeson,aodeson1i@hp.com,Female,180.64.243.237,Pontiac
56,Hatti,Guiton,hguiton1j@ow.ly,Female,,
57,Edeline,Cudby,ecudby1k@aol.com,Female,,
58,Oran,Tebbs,otebbs1l@weather.com,Male,181.154.255.1,Audi
59,Emelyne,Neicho,eneicho1m@cdc.gov,Female,87.53.2.169,Porsche
60,Leonid,Berger,lberger1n@noaa.gov,Male,,
61,Kally,Rintoul,krintoul1o@yellowbook.com,Female,136.5.202.75,Volkswagen
62,Charmaine,Coan,ccoan1p@gizmodo.com,Female,162.159.158.132,Buick
63,Rafe,Tillyer,rtillyer1q@ucoz.com,Male,72.202.0.102,Isuzu
64,Damaris,Cahan,dcahan1r@addtoany.com,Female,217.158.106.62,Toyota
65,Roderigo,Mungan,rmungan1s@apple.com,Male,105.163.227.135,Pontiac
66,Michelina,Waterstone,mwaterstone1t@macromedia.com,Female,145.87.89.60,Mazda
67,Trace,Earl,tearl1u@java.com,Male,233.184.58.151,Pontiac
68,Anderson,Denyukin,adenyukin1v@hp.com,Male,,
69,Lucio,Guilaem,lguilaem1w@columbia.edu,Male,,
70,Torry,Aucoate,taucoate1x@latimes.com,Male,104.205.117.138,Pontiac
71,Phillipp,Deaconson,pdeaconson1y@photobucket.com,Male,162.210.182.161,Chevrolet
72,Remington,Digby,rdigby1z@de.vu,Male,30.109.54.16,Chevrolet
73,Franz,Teers,fteers20@about.me,Male,29.121.220.97,Ford
74,Anica,Brighty,abrighty21@multiply.com,Female,151.87.136.225,Pontiac
75,Emanuel,Buchan,ebuchan22@google.de,Male,96.95.34.64,Pontiac
76,Lanette,Kittless,lkittless23@nasa.gov,Female,84.253.178.153,Mazda
77,Erinna,Botterman,ebotterman24@squidoo.com,Female,148.136.228.64,Nissan
78,Bobbette,Silcock,bsilcock25@shareasale.com,Female,183.115.237.176,Chevrolet
79,Sayre,Francesco,sfrancesco26@slate.com,Female,,
80,Puff,Cordey,pcordey27@nationalgeographic.com,Male,227.55.92.94,Audi
81,Chancey,Simeone,csimeone28@craigslist.org,Male,174.253.216.135,Chevrolet
82,Caril,Iacovelli,ciacovelli29@hugedomains.com,Female,122.137.134.179,Saturn
83,Gerda,Hallmark,ghallmark2a@infoseek.co.jp,Female,105.162.31.254,Hummer
84,Ardath,Shellum,ashellum2b@nhs.uk,Female,,
85,Ambrosi,McDermid,amcdermid2c@miibeian.gov.cn,Male,116.70.208.134,Pontiac
86,Mag,Showl,mshowl2d@mtv.com,Female,91.241.148.62,Lincoln
87,Hermon,Buttress,hbuttress2e@newsvine.com,Male,248.170.170.120,Pontiac
88,Hatty,Dunsire,hdunsire2f@istockphoto.com,Female,97.24.110.203,Mercedes-Benz
89,Melvyn,Chadbourn,mchadbourn2g@reddit.com,Male,222.200.49.192,Mazda
90,Elna,Southeran,esoutheran2h@icio.us,Female,48.6.166.165,Chevrolet
91,Sebastien,Dargue,sdargue2i@shareasale.com,Male,234.36.175.157,Mitsubishi
92,Rube,Seamer,rseamer2j@instagram.com,Male,67.240.210.86,Chevrolet
93,Ephrem,Manderson,emanderson2k@w3.org,Male,188.101.70.63,Hyundai
94,Britte,Randle,brandle2l@wiley.com,Female,,
95,Jim,Goodwyn,jgoodwyn2m@deliciousdays.com,Male,,
96,Olag,Han,ohan2n@toplist.cz,Male,156.167.102.116,Nissan
97,Gawen,Chape,gchape2o@infoseek.co.jp,Male,,
98,Russ,Cordeau],rcordeau2p@symantec.com,Male,,
99,Pooh,Farrow,pfarrow2q@tuttocitta.it,Male,,
100,Janeta,Records,jrecords2r@toplist.cz,Female,,
101,Fan,Yielding,fyielding2s@bing.com,Female,185.83.250.82,Chevrolet
102,Fayth,Burree,fburree2t@thetimes.co.uk,Female,17.33.77.80,Honda
103,Ramsey,Bogges,rbogges2u@amazon.com,Male,21.24.176.201,Ford
104,Hendrika,Duce,hduce2v@squarespace.com,Female,243.209.131.25,GMC
105,Bank,Simonsen,bsimonsen2w@dot.gov,Male,185.147.191.220,Chevrolet
106,Maire,Cordova,mcordova2x@tripadvisor.com,Female,156.243.243.138,Pontiac
107,Chevalier,Goodere,cgoodere2y@unc.edu,Male,250.40.255.159,Mitsubishi
108,Gerladina,Twiddle,gtwiddle2z@ycombinator.com,Female,,
109,Lance,Cantero,lcantero30@soup.io,Male,,
110,Mack,Baddeley,mbaddeley31@theglobeandmail.com,Male,245.68.205.130,Ford
111,Ferdie,Graybeal,fgraybeal32@ehow.com,Male,103.216.171.218,GMC
112,Hollie,McCaskill,hmccaskill33@slideshare.net,Female,200.202.80.94,Ford
113,Dalila,Chominski,dchominski34@google.pl,Female,45.118.142.138,Bentley
114,Mendel,Parratt,mparratt35@bandcamp.com,Male,,
115,Bibi,Donnellan,bdonnellan36@topsy.com,Female,109.207.239.117,Nissan
116,Christel,Thorold,cthorold37@bbb.org,Female,92.115.210.237,Mercedes-Benz
117,Dwayne,Pearn,dpearn38@google.nl,Male,41.202.154.116,Infiniti
118,Camel,Cleary,ccleary39@engadget.com,Female,129.94.8.79,Suzuki
119,Tim,Tribe,ttribe3a@csmonitor.com,Female,233.41.214.201,Pontiac
120,Lauritz,Somerville,lsomerville3b@cbsnews.com,Male,,
121,Karney,Dunklee,kdunklee3c@cmu.edu,Male,,
122,Kellen,Antony,kantony3d@bandcamp.com,Female,68.48.29.232,Chevrolet
123,Angelo,Morhall,amorhall3e@geocities.jp,Male,,
124,Everett,Dabs,edabs3f@sbwire.com,Male,140.240.166.230,Dodge
125,Karil,Nardi,knardi3g@nytimes.com,Female,112.12.129.226,Dodge
126,Bartlet,Haresign,bharesign3h@list-manage.com,Male,102.245.188.204,Lamborghini
127,Bronnie,Askew,baskew3i@nps.gov,Male,215.229.105.43,Chevrolet
128,Lavena,Dalli,ldalli3j@artisteer.com,Female,213.204.177.163,Hyundai
129,Lorens,Witherspoon,lwitherspoon3k@pagesperso-orange.fr,Male,203.244.239.219,Toyota
130,Shawna,Durrad,sdurrad3l@squarespace.com,Female,74.116.205.126,Nissan
131,Lacey,Fear,lfear3m@cnbc.com,Female,83.245.29.36,Ford
132,Roy,Sloss,rsloss3n@go.com,Male,40.31.83.36,Kia
133,Twila,Gipp,tgipp3o@csmonitor.com,Female,,
134,Rogers,Mallender,rmallender3p@apple.com,Male,204.72.98.113,BMW
135,Rustie,Concklin,rconcklin3q@tumblr.com,Male,17.97.196.87,Nissan
136,Madlin,Kinkade,mkinkade3r@opensource.org,Female,88.244.26.109,Bentley
137,Edouard,Poile,epoile3s@mysql.com,Male,,
138,Briny,Toseland,btoseland3t@examiner.com,Female,22.46.66.95,Jeep
139,Tye,Bramich,tbramich3u@reference.com,Male,34.239.165.43,Toyota
140,Christoffer,Gelly,cgelly3v@latimes.com,Male,,
141,Keenan,Gail,kgail3w@cafepress.com,Male,237.188.42.228,Volvo
142,Ernesto,Deboick,edeboick3x@so-net.ne.jp,Male,213.40.62.67,Mazda
143,Forster,Belfitt,fbelfitt3y@dyndns.org,Male,,
144,Forbes,McRinn,fmcrinn3z@deliciousdays.com,Male,,
145,Emilee,Goldring,egoldring40@over-blog.com,Female,,
146,Hernando,McKeaney,hmckeaney41@xrea.com,Male,155.75.227.9,Acura
147,Alida,Lennie,alennie42@cmu.edu,Female,227.227.46.40,Kia
148,Petr,Baudinet,pbaudinet43@instagram.com,Male,,
149,Rosene,Mattimoe,rmattimoe44@earthlink.net,Female,240.130.253.255,Ford
150,Calli,Danieli,cdanieli45@craigslist.org,Female,178.31.30.243,Chrysler
151,Noak,Greig,ngreig46@pen.io,Male,,
152,Cassandre,Tytterton,ctytterton47@flickr.com,Female,52.203.243.103,Dodge
153,Carmelia,Deshon,cdeshon48@wp.com,Female,,
154,Dell,Josilevich,djosilevich49@photobucket.com,Male,,
155,Matty,Possa,mpossa4a@creativecommons.org,Male,161.17.88.212,Lincoln
156,Ulises,Bolt,ubolt4b@bizjournals.com,Male,250.196.174.246,Buick
157,Nettle,Sleith,nsleith4c@friendfeed.com,Female,207.63.5.137,Ferrari
158,Fionnula,Ardling,fardling4d@oaic.gov.au,Female,175.217.91.236,Buick
159,Hobard,Wheelwright,hwheelwright4e@wordpress.org,Male,17.248.23.249,Pontiac
160,Catlee,Ducaen,cducaen4f@t.co,Female,114.0.246.158,Eagle
161,Stephenie,Amiranda,samiranda4g@sitemeter.com,Female,107.53.11.247,Mercedes-Benz
162,Alexine,Thandi,athandi4h@arizona.edu,Female,1.218.215.1,Kia
163,Goldie,Curcher,gcurcher4i@cafepress.com,Female,181.99.99.136,Volkswagen
164,Kailey,Cheetham,kcheetham4j@imageshack.us,Female,20.26.143.212,Chevrolet
165,Muriel,Matzel,mmatzel4k@lulu.com,Female,69.1.91.146,Mitsubishi
166,Shepperd,Teape,steape4l@tripod.com,Male,196.141.217.193,Ford
167,Kendal,Diess,kdiess4m@yellowpages.com,Male,97.71.236.243,Eagle
168,Wake,Veld,wveld4n@ovh.net,Male,225.74.52.199,Nissan
169,Amity,Sandilands,asandilands4o@wikispaces.com,Female,241.28.243.25,Dodge
170,Noreen,Toping,ntoping4p@tinyurl.com,Female,77.104.172.37,Pontiac
171,Maynard,L'Hommeau,mlhommeau4q@china.com.cn,Male,104.38.44.10,Ford
172,Evangeline,Gooderridge,egooderridge4r@opensource.org,Female,203.233.45.28,Chevrolet
173,Bondie,Shepherd,bshepherd4s@jimdo.com,Male,185.71.27.149,Mercury
174,Piggy,McInnery,pmcinnery4t@goodreads.com,Male,171.239.166.184,Chrysler
175,Xaviera,Trynor,xtrynor4u@devhub.com,Female,,
176,Amaleta,Edinboro,aedinboro4v@apple.com,Female,194.138.12.174,Nissan
177,Brinn,Feaks,bfeaks4w@amazonaws.com,Female,21.155.134.176,Honda
178,Elfie,Beeching,ebeeching4x@so-net.ne.jp,Female,154.34.229.128,Audi
179,Ann-marie,Wilmott,awilmott4y@virginia.edu,Female,126.154.86.155,Subaru
180,Orrin,Birdwhistell,obirdwhistell4z@disqus.com,Male,,
181,Celestia,Copson,ccopson50@sciencedaily.com,Female,,
182,Moore,Shinner,mshinner51@illinois.edu,Male,56.179.6.69,Pontiac
183,Ancell,Axby,aaxby52@feedburner.com,Male,59.75.145.148,Nissan
184,Ailbert,Vesque,avesque53@washingtonpost.com,Male,41.250.32.226,Buick
185,Oneida,Tomaino,otomaino54@alexa.com,Female,,
186,Elizabet,Laurenty,elaurenty55@mediafire.com,Female,151.221.172.91,Ford
187,Dorisa,Horrigan,dhorrigan56@constantcontact.com,Female,81.106.7.107,Lexus
188,Addie,Banishevitz,abanishevitz57@narod.ru,Male,,
189,Feliza,Hammond,fhammond58@g.co,Female,215.24.34.115,Chevrolet
190,Giuditta,Chander,gchander59@e-recht24.de,Female,110.167.73.244,GMC
191,Valentine,Di Carli,vdicarli5a@51.la,Male,,
192,Ursulina,Messenbird,umessenbird5b@4shared.com,Female,,
193,Lyndy,Casazza,lcasazza5c@hud.gov,Female,,
194,Niki,Lattie,nlattie5d@mtv.com,Male,208.183.209.66,Jeep
195,Wilden,Ludlow,wludlow5e@eventbrite.com,Male,,
196,Odelia,Jedrzej,ojedrzej5f@seesaa.net,Female,207.34.190.152,Jaguar
197,Irena,Skewes,iskewes5g@latimes.com,Female,,
198,Timothy,Rushmer,trushmer5h@fastcompany.com,Male,,
199,Heidi,Vannah,hvannah5i@cbsnews.com,Female,195.37.245.61,Dodge
200,Valeda,Jado,vjado5j@nytimes.com,Female,54.142.135.236,Mazda
201,Eal,Fleming,efleming5k@accuweather.com,Male,,
202,Gran,Coombe,gcoombe5l@senate.gov,Male,164.0.17.13,Pontiac
203,Melesa,Nott,mnott5m@multiply.com,Female,40.161.89.183,Lexus
204,Briana,Mc Menamin,bmcmenamin5n@dailymail.co.uk,Female,,
205,Jeana,Gatman,jgatman5o@gnu.org,Female,22.154.42.241,Chevrolet
206,Raymund,Leith-Harvey,rleithharvey5p@hugedomains.com,Male,163.0.241.248,Nissan
207,Dill,Tunniclisse,dtunniclisse5q@blogger.com,Male,95.47.37.133,Dodge
208,Joela,Ivanyukov,jivanyukov5r@washington.edu,Female,31.171.102.57,Suzuki
209,Ida,Growcock,igrowcock5s@purevolume.com,Female,,
210,Allistir,Mervyn,amervyn5t@marketwatch.com,Male,5.246.107.37,Plymouth
211,Michaeline,Hardware,mhardware5u@printfriendly.com,Female,117.96.44.155,Mercury
212,Moore,Goatman,mgoatman5v@canalblog.com,Male,174.162.48.186,Scion
213,Tawsha,Fanthome,tfanthome5w@vk.com,Female,,
214,Michel,East,meast5x@4shared.com,Female,251.6.170.138,Pontiac
215,Nickola,Cheek,ncheek5y@nba.com,Male,104.103.181.124,Volkswagen
216,Verene,Ivanuschka,vivanuschka5z@mozilla.org,Female,6.13.181.237,Subaru
217,Kristien,Axten,kaxten60@unicef.org,Female,18.241.83.17,Mitsubishi
218,Jacintha,Elcomb,jelcomb61@reference.com,Female,134.210.5.235,BMW
219,Arthur,Petracek,apetracek62@google.com.br,Male,,
220,Serene,Imorts,simorts63@princeton.edu,Female,213.66.97.253,Chevrolet
221,Nerti,Meneux,nmeneux64@thetimes.co.uk,Female,95.237.221.231,Toyota
222,Jolyn,Benck,jbenck65@yolasite.com,Female,,
223,Emanuel,Flood,eflood66@diigo.com,Male,39.18.54.96,Mercedes-Benz
224,Misty,Dunton,mdunton67@google.fr,Female,195.195.129.141,Cadillac
225,Cherida,Hachette,chachette68@cnet.com,Female,64.135.44.98,Honda
226,Hoebart,Worledge,hworledge69@yahoo.com,Male,113.165.78.128,Isuzu
227,Celeste,Phillput,cphillput6a@google.cn,Female,233.185.5.241,Lexus
228,David,Featonby,dfeatonby6b@godaddy.com,Male,,
229,Tallie,Kobus,tkobus6c@ovh.net,Male,,
230,Court,Winspurr,cwinspurr6d@merriam-webster.com,Male,206.18.99.19,Lincoln
231,Eadie,Sitlinton,esitlinton6e@sogou.com,Female,,
232,Theo,Coleridge,tcoleridge6f@sakura.ne.jp,Male,69.4.128.136,Oldsmobile
233,Chad,Smeath,csmeath6g@youku.com,Male,202.147.92.103,Ford
234,Estrellita,De Laspee,edelaspee6h@tiny.cc,Female,113.102.87.139,Mitsubishi
235,Benedicta,Rarity,brarity6i@gov.uk,Female,226.174.180.161,Lamborghini
236,Madelaine,O'Shevlin,moshevlin6j@g.co,Female,17.76.204.209,Hummer
237,Melissa,Hector,mhector6k@yahoo.com,Female,95.61.47.126,Mercedes-Benz
238,Orion,Guilayn,oguilayn6l@devhub.com,Male,2.191.212.55,Porsche
239,Bianca,Laughrey,blaughrey6m@github.com,Female,213.216.110.111,Jaguar
240,Jammie,Maylam,jmaylam6n@wired.com,Female,,
241,Page,Offener,poffener6o@irs.gov,Male,64.113.169.248,Infiniti
242,Venus,Tait,vtait6p@wikispaces.com,Female,211.117.187.87,Mercedes-Benz
243,Ricki,Champness,rchampness6q@bigcartel.com,Male,37.83.204.93,Ford
244,Felecia,Shevels,fshevels6r@tripod.com,Female,,
245,Darcey,Potkins,dpotkins6s@mail.ru,Female,63.187.64.127,Subaru
246,Putnem,McAughtry,pmcaughtry6t@google.com.hk,Male,84.60.55.60,Acura
247,Shalna,Richards,srichards6u@fema.gov,Female,121.26.23.203,Ford
248,Ortensia,McFarlan,omcfarlan6v@yolasite.com,Female,217.167.222.195,Audi
249,Starlene,Eberle,seberle6w@furl.net,Female,48.228.164.12,Volkswagen
250,Rafael,Bowhey,rbowhey6x@washington.edu,Male,133.209.111.13,Chrysler
251,Beale,Raye,braye6y@smugmug.com,Male,58.91.105.61,Mercedes-Benz
252,Tova,Broddle,tbroddle6z@reference.com,Female,118.1.211.123,Lexus
253,Roldan,Smyley,rsmyley70@canalblog.com,Male,134.126.74.223,Ford
254,Fara,Station,fstation71@cam.ac.uk,Female,14.173.178.194,Corbin
255,Malvin,Georgelin,mgeorgelin72@mashable.com,Male,246.244.13.244,Subaru
256,Nanny,Curr,ncurr73@un.org,Female,110.188.9.251,Nissan
257,Pamelina,Dansie,pdansie74@springer.com,Female,3.51.226.148,Subaru
258,Glenden,Beert,gbeert75@google.fr,Male,108.235.246.197,Toyota
259,Norah,Mc Coughan,nmccoughan76@mtv.com,Female,197.22.52.240,Land Rover
260,Leland,La Torre,llatorre77@goo.gl,Female,87.153.133.178,Nissan
261,Ingaborg,Krzyzaniak,ikrzyzaniak78@pen.io,Female,199.113.37.189,Honda
262,Simmonds,Purle,spurle79@theglobeandmail.com,Male,,
263,Noell,Shitliffe,nshitliffe7a@blogspot.com,Female,150.230.253.192,Hyundai
264,Lexi,Bradnocke,lbradnocke7b@goodreads.com,Female,48.172.95.215,Saab
265,Ofelia,Anstie,oanstie7c@vimeo.com,Female,19.70.103.50,BMW
266,Henrieta,Glasner,hglasner7d@unblog.fr,Female,49.246.202.162,Mercedes-Benz
267,Giuseppe,Wingatt,gwingatt7e@bing.com,Male,,
268,Drucie,Dreger,ddreger7f@cam.ac.uk,Female,58.25.84.132,Dodge
269,Meghann,Battman,mbattman7g@xrea.com,Female,210.65.185.149,Dodge
270,Harbert,Asbury,hasbury7h@nasa.gov,Male,35.171.96.40,Pontiac
271,Humfrid,Boagey,hboagey7i@howstuffworks.com,Male,,
272,Elinore,Dillicate,edillicate7j@telegraph.co.uk,Female,248.61.17.137,Land Rover
273,Granthem,Gaspero,ggaspero7k@mozilla.com,Male,141.160.181.212,Nissan
274,Franni,Haysey,fhaysey7l@exblog.jp,Female,102.155.142.168,Lotus
275,Randolf,Dunlop,rdunlop7m@cyberchimps.com,Male,212.181.120.134,Smart
276,Gerhardine,Ryding,gryding7n@twitpic.com,Female,,
277,Odell,Prott,oprott7o@hubpages.com,Male,228.180.165.86,Chevrolet
278,Kingston,Busch,kbusch7p@digg.com,Male,57.126.45.231,Hyundai
279,Cherlyn,Kirtley,ckirtley7q@tmall.com,Female,,
280,Prentice,Leahey,pleahey7r@theatlantic.com,Male,87.9.6.126,Eagle
281,Stefano,Kerans,skerans7s@slideshare.net,Male,245.192.150.131,Mercury
282,Koressa,Vanyakin,kvanyakin7t@xinhuanet.com,Female,,
283,Carroll,Newrick,cnewrick7u@reference.com,Female,255.212.75.87,Nissan
284,Read,Mellsop,rmellsop7v@chicagotribune.com,Male,200.181.175.37,Chevrolet
285,Damien,Rudd,drudd7w@tamu.edu,Male,79.65.224.6,Mercedes-Benz
286,Haskell,Treffry,htreffry7x@miibeian.gov.cn,Male,83.147.211.167,Toyota
287,Nikolaos,Giddings,ngiddings7y@answers.com,Male,147.58.127.176,Lotus
288,Kerrill,Dollard,kdollard7z@ft.com,Female,86.64.141.32,Ford
289,Chiquita,Flade,cflade80@macromedia.com,Female,155.41.59.10,Acura
290,Bernadette,Runge,brunge81@state.tx.us,Female,112.251.23.92,Suzuki
291,Karlen,Jancey,kjancey82@si.edu,Female,6.105.58.139,Suzuki
292,Symon,Matuszak,smatuszak83@wikia.com,Male,208.195.241.199,Lincoln
293,Hillary,Twiddell,htwiddell84@icio.us,Male,230.216.232.129,GMC
294,Berke,Ceresa,bceresa85@soundcloud.com,Male,161.17.90.55,Lincoln
295,Reine,Ridler,rridler86@domainmarket.com,Female,253.78.201.50,Lexus
296,Rick,Marjoribanks,rmarjoribanks87@youtube.com,Male,123.145.249.15,Plymouth
297,Moria,Corbin,mcorbin88@globo.com,Female,148.100.18.104,Saab
298,Stacy,Seaking,sseaking89@alexa.com,Female,235.1.133.210,Nissan
299,Boot,Sturgeon,bsturgeon8a@si.edu,Male,178.74.242.165,Ford
300,Imojean,Pettingill,ipettingill8b@woothemes.com,Female,89.110.102.123,Nissan
301,Sax,Lapley,slapley8c@foxnews.com,Male,154.224.229.182,Ford
302,Eada,Crees,ecrees8d@bandcamp.com,Female,,
303,Friedrick,Kadd,fkadd8e@myspace.com,Male,87.148.163.23,BMW
304,Ferdy,Zanicchi,fzanicchi8f@themeforest.net,Male,178.34.218.133,Dodge
305,Boycie,Ede,bede8g@yelp.com,Male,4.76.218.171,Land Rover
306,Cathrin,O'Kinneally,cokinneally8h@indiatimes.com,Female,124.39.63.92,Mitsubishi
307,Reidar,Eaklee,reaklee8i@ihg.com,Male,116.213.99.230,Mercedes-Benz
308,Ransom,Irnys,rirnys8j@cyberchimps.com,Male,52.8.33.21,Jaguar
309,Myrilla,Varty,mvarty8k@indiegogo.com,Female,161.77.79.104,Bentley
310,Kaitlynn,Monte,kmonte8l@so-net.ne.jp,Female,,
311,Aharon,Harrowell,aharrowell8m@house.gov,Male,221.126.250.1,Chevrolet
312,Georgy,Brinded,gbrinded8n@miibeian.gov.cn,Male,,
313,Ernst,Fahy,efahy8o@bing.com,Male,24.24.150.134,Nissan
314,Alfons,MacKeogh,amackeogh8p@comsenz.com,Male,118.132.103.37,Eagle
315,Kathryn,Lebell,klebell8q@hp.com,Female,81.235.133.219,Suzuki
316,Suzie,Shellard,sshellard8r@blogtalkradio.com,Female,162.158.242.17,Morgan
317,Ed,Evitt,eevitt8s@topsy.com,Male,128.58.203.107,Lotus
318,Samson,Finnemore,sfinnemore8t@berkeley.edu,Male,9.130.229.77,Toyota
319,Irma,Ioselev,iioselev8u@merriam-webster.com,Female,35.159.139.163,Toyota
320,Dorolice,De Giovanni,ddegiovanni8v@jimdo.com,Female,145.99.148.48,Chevrolet
321,Kial,Durant,kdurant8w@com.com,Female,,
322,Manon,Yaakov,myaakov8x@tamu.edu,Female,,
323,Colan,Scoffham,cscoffham8y@cdbaby.com,Male,,
324,Emmy,Prose,eprose8z@angelfire.com,Female,244.45.88.41,Chevrolet
325,Daffi,Grizard,dgrizard90@vk.com,Female,16.204.77.112,Mercury
326,Marmaduke,Carah,mcarah91@people.com.cn,Male,166.9.58.107,Mercury
327,Agna,Nacey,anacey92@amazonaws.com,Female,180.13.0.233,Austin
328,Angeline,Yedall,ayedall93@blog.com,Female,118.168.234.41,Ford
329,Cayla,Linnard,clinnard94@epa.gov,Female,120.209.117.169,Subaru
330,Gamaliel,Tonge,gtonge95@sciencedaily.com,Male,193.97.13.66,Pontiac
331,Cullie,Quail,cquail96@dot.gov,Male,71.11.121.2,Mercedes-Benz
332,Ginni,Cashen,gcashen97@shareasale.com,Female,215.32.30.81,Lexus
333,Pepillo,Nears,pnears98@cbsnews.com,Male,71.18.201.212,Lexus
334,Jeniece,Costar,jcostar99@boston.com,Female,73.253.116.166,Lincoln
335,Nico,Stovin,nstovin9a@wordpress.com,Male,73.52.68.13,Chrysler
336,Erick,Topes,etopes9b@icq.com,Male,244.209.128.157,Lexus
337,Udale,Semrad,usemrad9c@ocn.ne.jp,Male,,
338,Dorris,Mathew,dmathew9d@deviantart.com,Female,142.245.35.53,Dodge
339,Berti,Dunkerly,bdunkerly9e@liveinternet.ru,Female,,
340,Clem,Straneo,cstraneo9f@blogspot.com,Female,,
341,Hephzibah,Sultan,hsultan9g@mac.com,Female,242.199.153.79,Lexus
342,Cherise,Cottu,ccottu9h@infoseek.co.jp,Female,108.236.37.32,Honda
343,Kynthia,Sorrie,ksorrie9i@rediff.com,Female,75.3.193.216,Dodge
344,Joli,Routledge,jroutledge9j@ask.com,Female,101.213.5.195,Jeep
345,Walton,Echallier,wechallier9k@accuweather.com,Male,193.205.156.16,Chevrolet
346,Bay,Rogerson,brogerson9l@amazon.co.uk,Male,70.14.84.113,Lamborghini
347,Leodora,Mayers,lmayers9m@shareasale.com,Female,43.119.161.255,Dodge
348,Rebecca,Chelsom,rchelsom9n@bing.com,Female,,
349,Anastasia,Bridgett,abridgett9o@vistaprint.com,Female,96.139.233.106,Lincoln
350,Shelby,Nassie,snassie9p@google.nl,Female,128.170.217.218,Oldsmobile
351,Balduin,Docker,bdocker9q@free.fr,Male,39.16.64.107,Chevrolet
352,Silas,Venart,svenart9r@discuz.net,Male,70.247.236.219,Dodge
353,Morgana,Kelloch,mkelloch9s@delicious.com,Female,244.7.253.183,Mercedes-Benz
354,Valencia,Patton,vpatton9t@godaddy.com,Female,168.66.41.42,Maybach
355,Fredrick,Elbourne,felbourne9u@ning.com,Male,173.227.0.19,Oldsmobile
356,Lefty,Gaither,lgaither9v@odnoklassniki.ru,Male,175.18.57.210,Audi
357,Teador,Simmonite,tsimmonite9w@last.fm,Male,230.71.225.44,Buick
358,Flin,Linkin,flinkin9x@wsj.com,Male,62.221.21.56,Buick
359,Lila,Foxall,lfoxall9y@freewebs.com,Female,65.122.63.230,Mercury
360,Gibby,Gayther,ggayther9z@jigsy.com,Male,44.16.178.3,Oldsmobile
361,Vally,Gantlett,vgantletta0@wordpress.org,Female,66.92.40.183,Pontiac
362,Amalita,Farney,afarneya1@yale.edu,Female,,
363,Gauthier,Pooke,gpookea2@paginegialle.it,Male,,
364,Warner,Proudlove,wproudlovea3@github.com,Male,29.92.108.47,Mercedes-Benz
365,Even,Novic,enovica4@washingtonpost.com,Male,21.178.122.52,Mazda
366,Andrey,Gibbins,agibbinsa5@w3.org,Male,47.7.35.156,Plymouth
367,Barbabas,Stuttman,bstuttmana6@cyberchimps.com,Male,65.59.7.210,Mitsubishi
368,Yorgos,Holberry,yholberrya7@1688.com,Male,119.0.104.252,Lexus
369,Modesta,Rembrandt,mrembrandta8@sourceforge.net,Female,99.245.77.40,BMW
370,Clarke,Gimblett,cgimbletta9@cnet.com,Male,158.211.62.68,Ford
371,Chick,Miell,cmiellaa@tinyurl.com,Male,,
372,Carlie,Rappport,crappportab@google.es,Male,96.237.203.114,Lotus
373,Jasper,Doxey,jdoxeyac@biblegateway.com,Male,96.215.159.247,Ford
374,Elvyn,Bushby,ebushbyad@parallels.com,Male,,
375,Vaughn,Johnstone,vjohnstoneae@time.com,Male,240.77.148.128,Mitsubishi
376,Bernice,Meddings,bmeddingsaf@sciencedaily.com,Female,,
377,Brennen,Lenihan,blenihanag@unesco.org,Male,68.246.26.18,Pontiac
378,Timothea,Van der Kruis,tvanderkruisah@diigo.com,Female,193.73.128.50,Audi
379,Konstantin,Zohrer,kzohrerai@furl.net,Male,194.6.115.154,Ford
380,Kim,Trytsman,ktrytsmanaj@prlog.org,Male,173.46.224.26,Infiniti
381,Arley,Raiment,araimentak@google.it,Male,,
382,Rebecca,Brave,rbraveal@prlog.org,Female,78.87.93.27,Chevrolet
383,Jacqueline,Molohan,jmolohanam@studiopress.com,Female,51.203.21.28,Ford
384,Pedro,Fend,pfendan@feedburner.com,Male,249.235.92.213,Mercedes-Benz
385,Cathe,Allden,calldenao@chicagotribune.com,Female,45.233.149.49,Porsche
386,Yvette,Fishbourne,yfishbourneap@zdnet.com,Female,,
387,Katerina,Grassin,kgrassinaq@amazon.co.uk,Female,208.120.71.18,Lincoln
388,Vernon,Freke,vfrekear@newyorker.com,Male,34.151.51.162,Ford
389,Cam,Rolinson,crolinsonas@exblog.jp,Male,249.56.83.38,Audi
390,Mireille,Abate,mabateat@qq.com,Female,,
391,Caresse,Feifer,cfeiferau@sohu.com,Female,153.247.40.185,Audi
392,Jon,McMurthy,jmcmurthyav@wiley.com,Male,15.234.168.123,Toyota
393,Peggi,Burdytt,pburdyttaw@amazon.de,Female,32.204.101.65,Mitsubishi
394,Steve,Meiklam,smeiklamax@studiopress.com,Male,96.22.106.133,Dodge
395,Jozef,Teece,jteeceay@4shared.com,Male,,
396,Carroll,Winspurr,cwinspurraz@opensource.org,Male,96.240.141.125,Pontiac
397,Rog,Goundry,rgoundryb0@about.me,Male,52.90.6.200,Saturn
398,Cyndi,Titchen,ctitchenb1@networksolutions.com,Female,247.170.115.65,GMC
399,Riccardo,Spikeings,rspikeingsb2@mysql.com,Male,,
400,Lamar,Van Der Weedenburg,lvanderweedenburgb3@163.com,Male,237.48.123.27,Buick
401,Evered,Gerald,egeraldb4@pcworld.com,Male,197.131.38.127,Plymouth
402,Zebulen,Mc Andrew,zmcandrewb5@live.com,Male,,
403,Angel,Simko,asimkob6@meetup.com,Male,123.96.71.73,Pontiac
404,Anne-marie,Chilcotte,achilcotteb7@whitehouse.gov,Female,18.85.54.181,Mercedes-Benz
405,Fallon,Brazener,fbrazenerb8@wikispaces.com,Female,129.109.198.176,Volkswagen
406,Parrnell,Cadamy,pcadamyb9@is.gd,Male,199.176.192.210,MINI
407,Darcie,Bitten,dbittenba@goo.ne.jp,Female,198.96.147.218,Mitsubishi
408,Johnna,Crucitti,jcrucittibb@mapy.cz,Female,,
409,Hurlee,Franzewitch,hfranzewitchbc@bigcartel.com,Male,,
410,Dolores,Blayd,dblaydbd@naver.com,Female,108.227.162.154,GMC
411,Karisa,Condliffe,kcondliffebe@google.ca,Female,,
412,Corabel,Peeke,cpeekebf@deviantart.com,Female,38.124.182.33,Buick
413,Erin,Hainning,ehainningbg@ning.com,Male,70.243.68.104,BMW
414,Isadore,Lago,ilagobh@netlog.com,Male,,
415,Miner,Aylett,maylettbi@dot.gov,Male,166.200.162.188,Isuzu
416,Saraann,Piotr,spiotrbj@51.la,Female,245.177.15.157,Subaru
417,Berkeley,Maruska,bmaruskabk@constantcontact.com,Male,40.0.178.1,Pontiac
418,Valeria,Thombleson,vthomblesonbl@bbb.org,Female,80.150.116.128,Chevrolet
419,Matthaeus,Flockhart,mflockhartbm@wiley.com,Male,115.114.179.187,Lincoln
420,Nanice,Senten,nsentenbn@ucsd.edu,Female,119.252.247.104,Land Rover
421,Corbett,McIlwraith,cmcilwraithbo@senate.gov,Male,106.218.160.141,Cadillac
422,Kimberli,Tethcote,ktethcotebp@home.pl,Female,229.253.175.46,Toyota
423,Grier,Stellin,gstellinbq@macromedia.com,Female,69.9.69.101,Ford
424,Mort,Scurlock,mscurlockbr@tamu.edu,Male,29.97.176.228,BMW
425,Lock,Slowcock,lslowcockbs@ning.com,Male,84.127.96.175,GMC
426,Bartolomeo,Edelston,bedelstonbt@mit.edu,Male,70.170.18.213,Volvo
427,Kalinda,Phonix,kphonixbu@yahoo.co.jp,Female,128.138.125.60,Mercury
428,Aarika,Pietzner,apietznerbv@typepad.com,Female,153.233.138.179,Chevrolet
429,Kara-lynn,Stollenbecker,kstollenbeckerbw@angelfire.com,Female,,
430,Joshua,Peever,jpeeverbx@princeton.edu,Male,26.27.4.243,Ford
431,Cora,Laughton,claughtonby@ycombinator.com,Female,250.49.100.135,Oldsmobile
432,Vachel,Grewe,vgrewebz@bluehost.com,Male,40.88.42.176,Pontiac
433,Roderigo,Dagless,rdaglessc0@usatoday.com,Male,244.189.2.62,Jeep
434,Josepha,MacBey,jmacbeyc1@redcross.org,Female,201.224.180.167,BMW
435,Austina,Boissier,aboissierc2@edublogs.org,Female,220.212.173.75,Chevrolet
436,Pierette,Talmadge,ptalmadgec3@tripadvisor.com,Female,143.91.17.31,Infiniti
437,Wilmar,Cornock,wcornockc4@theatlantic.com,Male,82.34.128.131,Ford
438,Robert,Munday,rmundayc5@wufoo.com,Male,147.118.90.57,Ford
439,Marlane,Baigent,mbaigentc6@multiply.com,Female,219.115.61.206,Mitsubishi
440,Gillie,Muccino,gmuccinoc7@flickr.com,Female,,
441,Twyla,Reeman,treemanc8@sciencedirect.com,Female,36.82.251.53,Aston Martin
442,Paola,McQueen,pmcqueenc9@ezinearticles.com,Female,96.118.85.161,Lexus
443,Flori,McGrail,fmcgrailca@networkadvertising.org,Female,122.253.237.158,Bentley
444,Dniren,Geroldini,dgeroldinicb@hhs.gov,Female,58.98.148.111,Hyundai
445,Morissa,Robens,mrobenscc@cmu.edu,Female,159.239.218.194,Mercedes-Benz
446,Ray,Craft,rcraftcd@cnet.com,Male,236.84.19.115,Ferrari
447,Sandor,Braine,sbrainece@wisc.edu,Male,,
448,Filmore,Favela,ffavelacf@theatlantic.com,Male,,
449,Gaven,Abrahamson,gabrahamsoncg@multiply.com,Male,,
450,Rhianna,Mallon,rmallonch@gmpg.org,Female,,
451,Carri,Dietsche,cdietscheci@de.vu,Female,244.1.244.33,Oldsmobile
452,Beryle,Maher,bmahercj@va.gov,Female,160.155.215.81,Infiniti
453,Marsiella,Pearl,mpearlck@who.int,Female,52.242.169.100,Dodge
454,Lillian,Wraith,lwraithcl@ow.ly,Female,215.108.81.138,GMC
455,Delainey,Rodriguez,drodriguezcm@dedecms.com,Male,114.52.184.37,BMW
456,Ogden,Ferrer,oferrercn@tumblr.com,Male,,
457,Cross,Donegan,cdoneganco@oracle.com,Male,,
458,Rachele,Bollam,rbollamcp@dyndns.org,Female,9.233.35.35,Hyundai
459,Isidro,McVeagh,imcveaghcq@hhs.gov,Male,182.23.216.123,Volkswagen
460,Dierdre,Craigg,dcraiggcr@spiegel.de,Female,10.127.178.146,Aston Martin
461,Lily,Graith,lgraithcs@who.int,Female,129.20.217.147,Ford
462,Townsend,Colliard,tcolliardct@mediafire.com,Male,10.163.191.67,Chevrolet
463,Hilde,Fallow,hfallowcu@intel.com,Female,,
464,Wendel,Wyeld,wwyeldcv@blogtalkradio.com,Male,,
465,Christopher,Westpfel,cwestpfelcw@wiley.com,Male,156.6.253.24,Lincoln
466,Vincenz,Kenderdine,vkenderdinecx@symantec.com,Male,106.120.143.250,Volvo
467,Robbert,Hanning,rhanningcy@pbs.org,Male,127.120.103.51,GMC
468,Olag,McBlain,omcblaincz@dailymotion.com,Male,220.59.98.5,BMW
469,Dorotea,Jemison,djemisond0@marketwatch.com,Female,189.162.142.36,Ford
470,Whitaker,Tremathick,wtremathickd1@blogger.com,Male,240.211.117.42,Nissan
471,Brear,Fischer,bfischerd2@craigslist.org,Female,2.113.177.5,Dodge
472,Maribel,Canto,mcantod3@globo.com,Female,209.233.122.208,Porsche
473,Robin,Mease,rmeased4@yale.edu,Female,57.242.2.115,Ferrari
474,Marge,Peer,mpeerd5@simplemachines.org,Female,173.171.2.196,Suzuki
475,Augustine,Gingle,agingled6@google.cn,Male,29.235.153.224,Eagle
476,Gabby,Floodgate,gfloodgated7@lycos.com,Male,43.22.47.17,Chevrolet
477,Regan,Bushell,rbushelld8@a8.net,Male,133.63.193.194,Subaru
478,Joyce,Hamsher,jhamsherd9@salon.com,Female,191.86.251.15,Jaguar
479,Sinclair,Gadd,sgaddda@ustream.tv,Male,201.37.225.158,Mercedes-Benz
480,Sande,Deverill,sdeverilldb@weebly.com,Female,,
481,Fernande,Isaacson,fisaacsondc@gov.uk,Female,141.127.88.165,Ford
482,Danette,Maeer,dmaeerdd@utexas.edu,Female,,
483,Phoebe,Mitcham,pmitchamde@springer.com,Female,101.179.229.228,Jeep
484,Storm,Darmody,sdarmodydf@creativecommons.org,Female,23.169.109.178,Dodge
485,Vidovik,Izakson,vizaksondg@aol.com,Male,19.169.131.179,Lexus
486,Yolanda,Whitney,ywhitneydh@pagesperso-orange.fr,Female,71.200.154.217,Chrysler
487,Maxy,O'Kennavain,mokennavaindi@latimes.com,Male,105.242.43.250,Kia
488,Pietro,Edinboro,pedinborodj@yahoo.co.jp,Male,131.172.119.183,BMW
489,Corbin,Clem,cclemdk@purevolume.com,Male,65.31.90.0,Honda
490,Forrest,Surgen,fsurgendl@wikipedia.org,Male,26.1.10.5,BMW
491,Berta,De Biasi,bdebiasidm@scribd.com,Female,159.226.83.223,Mercedes-Benz
492,Trace,Darridon,tdarridondn@goodreads.com,Male,223.169.21.65,Hyundai
493,Bambi,Brogi,bbrogido@lulu.com,Female,26.3.125.132,Maserati
494,Cammie,Feldberger,cfeldbergerdp@goo.ne.jp,Female,150.218.108.3,Lexus
495,Rebe,Knowlden,rknowldendq@hostgator.com,Female,224.213.249.230,Volkswagen
496,Wallas,Orneles,wornelesdr@house.gov,Male,160.187.8.213,Buick
497,Germain,Daw,gdawds@newsvine.com,Female,,
498,Itch,Foottit,ifoottitdt@de.vu,Male,231.4.117.45,Mercury
499,Gareth,Chattelaine,gchattelainedu@mozilla.com,Male,65.202.131.3,Porsche
500,Dorolice,Corsham,dcorshamdv@cbsnews.com,Female,148.21.224.2,Audi
501,Temple,Eilhermann,teilhermanndw@prlog.org,Male,85.104.119.53,BMW
502,Torrence,Youthead,tyoutheaddx@bravesites.com,Male,221.187.239.164,Mitsubishi
503,Mario,Nester,mnesterdy@ihg.com,Male,206.51.213.165,Cadillac
504,Bevin,Flitcroft,bflitcroftdz@time.com,Male,,
505,Ferdinand,Grishkov,fgrishkove0@oaic.gov.au,Male,126.61.79.35,GMC
506,Isadore,Roskeilly,iroskeillye1@mapy.cz,Male,103.225.55.158,GMC
507,Bartie,McNish,bmcnishe2@weather.com,Male,157.154.200.113,Scion
508,Reeta,Castiglioni,rcastiglionie3@boston.com,Female,,
509,Ashleigh,Ovitts,aovittse4@tripadvisor.com,Female,23.100.46.252,Toyota
510,Wells,Nice,wnicee5@cnn.com,Male,249.41.183.79,Lincoln
511,Honey,Daysh,hdayshe6@smugmug.com,Female,,
512,Yancy,Cirlos,ycirlose7@deliciousdays.com,Male,,
513,Theadora,Fackrell,tfackrelle8@qq.com,Female,,
514,Ali,Fielden,afieldene9@unc.edu,Female,,
515,Gery,Mathieu,gmathieuea@tinypic.com,Male,39.179.199.128,Mitsubishi
516,Cory,Dufaur,cdufaureb@livejournal.com,Male,69.220.230.212,Buick
517,Leanora,Jedrzejewsky,ljedrzejewskyec@constantcontact.com,Female,,
518,Warden,Dillamore,wdillamoreed@blogs.com,Male,238.183.46.9,Dodge
519,Jacquie,McMullen,jmcmullenee@phoca.cz,Female,130.88.165.148,Ford
520,Melesa,Souten,msoutenef@mail.ru,Female,244.39.164.78,Ford
521,Randell,Huygen,rhuygeneg@amazon.com,Male,48.103.161.224,Jeep
522,Row,Thornham,rthornhameh@addthis.com,Female,54.162.184.231,Toyota
523,Dolf,Ludlamme,dludlammeei@mozilla.org,Male,181.148.117.10,Pontiac
524,Bethanne,Arnoldi,barnoldiej@deliciousdays.com,Female,8.122.250.220,MINI
525,Jamal,Springthorp,jspringthorpek@wisc.edu,Male,,
526,Archibald,Simson,asimsonel@nature.com,Male,194.237.233.158,Nissan
527,Griz,Alden,galdenem@nifty.com,Male,80.157.227.206,Dodge
528,Karalynn,Gimbrett,kgimbretten@ucla.edu,Female,,
529,Andee,Brunnen,abrunneneo@simplemachines.org,Female,24.118.16.180,Isuzu
530,Brandyn,Dowzell,bdowzellep@theguardian.com,Male,238.247.141.88,Maserati
531,Stanwood,Greenmon,sgreenmoneq@topsy.com,Male,77.88.169.129,Kia
532,Daisie,Bartoletti,dbartolettier@soup.io,Female,194.46.51.199,Geo
533,Scarlett,Wedmore.,swedmorees@goodreads.com,Female,23.110.129.13,Volvo
534,Arvy,Ianno,aiannoet@usda.gov,Male,,
535,Smitty,Jorgesen,sjorgeseneu@friendfeed.com,Male,,
536,Egor,Strowan,estrowanev@go.com,Male,30.238.158.211,BMW
537,Viviyan,Finicj,vfinicjew@marriott.com,Female,61.124.98.138,Chevrolet
538,Annissa,Stoven,astovenex@cnet.com,Female,121.53.157.177,Plymouth
539,Cassius,Sollner,csollnerey@over-blog.com,Male,208.61.77.28,Kia
540,Rakel,Palfrey,rpalfreyez@zdnet.com,Female,,
541,Alejandrina,Jelkes,ajelkesf0@unc.edu,Female,29.51.169.62,Toyota
542,Dukey,Scoble,dscoblef1@mysql.com,Male,40.231.61.207,Mercury
543,Jessie,Dorrity,jdorrityf2@scribd.com,Male,21.175.248.47,Ford
544,Standford,Boag,sboagf3@wufoo.com,Male,100.146.51.65,Lexus
545,Alisander,Robrose,arobrosef4@noaa.gov,Male,49.72.205.228,Nissan
546,Foss,Cordes,fcordesf5@globo.com,Male,22.87.203.19,Toyota
547,Andrea,Goadbie,agoadbief6@buzzfeed.com,Male,221.252.185.50,Toyota
548,Leo,Wife,lwifef7@seattletimes.com,Male,246.162.230.30,Ford
549,Wileen,Petett,wpetettf8@mit.edu,Female,,
550,Billie,Benzies,bbenziesf9@tinyurl.com,Female,138.196.56.88,Buick
551,Charlton,Marritt,cmarrittfa@fema.gov,Male,231.176.3.232,Honda
552,Gifford,Huttley,ghuttleyfb@ft.com,Male,125.193.108.178,Kia
553,Ettore,Manilove,emanilovefc@furl.net,Male,,
554,Chrysler,Mathys,cmathysfd@epa.gov,Female,204.48.103.122,Lexus
555,Yoko,Merigon,ymerigonfe@fda.gov,Female,13.131.205.245,Volkswagen
556,Aluin,Blayd,ablaydff@tmall.com,Male,135.217.42.28,Mazda
557,Abey,Aronovich,aaronovichfg@ucla.edu,Male,183.145.56.19,Mazda
558,Willamina,Paulin,wpaulinfh@java.com,Female,185.21.36.217,Dodge
559,Kimberli,Cadwaladr,kcadwaladrfi@tinypic.com,Female,,
560,Josee,Singers,jsingersfj@weebly.com,Female,,
561,Hattie,Wesley,hwesleyfk@google.co.uk,Female,53.193.91.110,Hummer
562,Mikkel,Timothy,mtimothyfl@cbslocal.com,Male,,
563,Pepito,Cridlin,pcridlinfm@yolasite.com,Male,227.96.250.99,Lexus
564,Mandi,Boylund,mboylundfn@sina.com.cn,Female,169.164.54.144,Dodge
565,Ilise,Melarkey,imelarkeyfo@jalbum.net,Female,235.248.41.119,Chevrolet
566,Lulita,Pren,lprenfp@soup.io,Female,212.77.77.90,Subaru
567,Bev,Gaydon,bgaydonfq@wufoo.com,Female,,
568,Aida,Gritland,agritlandfr@senate.gov,Female,149.143.252.167,Pontiac
569,Stephani,Verbrugge,sverbruggefs@usa.gov,Female,7.121.193.52,Porsche
570,Bartholemy,Yapp,byappft@woothemes.com,Male,,
571,Rance,Doohey,rdooheyfu@pcworld.com,Male,135.70.44.55,Saab
572,Jerrie,Bruinsma,jbruinsmafv@meetup.com,Male,253.219.229.41,Audi
573,Orazio,Groom,ogroomfw@imgur.com,Male,79.157.198.83,Subaru
574,Richart,Illingworth,rillingworthfx@wikipedia.org,Male,54.171.93.109,Chevrolet
575,Ashli,Putnam,aputnamfy@slideshare.net,Female,210.194.216.222,GMC
576,Bertie,Rozenbaum,brozenbaumfz@cnbc.com,Female,,
577,Othello,Coull,ocoullg0@stanford.edu,Male,169.255.160.178,Mitsubishi
578,Patrice,McKean,pmckeang1@biblegateway.com,Female,75.208.196.228,Volkswagen
579,Kynthia,Berrygun,kberrygung2@nationalgeographic.com,Female,225.144.210.230,Dodge
580,Ema,Morefield,emorefieldg3@mapy.cz,Female,162.132.134.159,Chevrolet
581,Blair,Florez,bflorezg4@woothemes.com,Female,122.52.77.81,Mitsubishi
582,Herbie,Steels,hsteelsg5@tumblr.com,Male,1.23.5.247,Mitsubishi
583,Ofelia,Zotto,ozottog6@berkeley.edu,Female,29.68.188.10,Acura
584,Cameron,Templar,ctemplarg7@reddit.com,Male,86.54.116.40,Audi
585,Riccardo,Needham,rneedhamg8@cbslocal.com,Male,99.135.68.224,Audi
586,Betteann,Zuann,bzuanng9@cmu.edu,Female,178.215.174.155,Dodge
587,Wally,Szubert,wszubertga@rediff.com,Male,188.64.118.8,Mercury
588,Hedvige,O'Nions,honionsgb@nhs.uk,Female,98.252.189.109,Bentley
589,Consuelo,Doring,cdoringgc@miibeian.gov.cn,Female,226.2.197.18,Chrysler
590,Editha,Helwig,ehelwiggd@washingtonpost.com,Female,197.137.171.15,Volvo
591,Bernice,Fellgate,bfellgatege@youtu.be,Female,108.240.161.28,Chevrolet
592,Tisha,Fuxman,tfuxmangf@geocities.com,Female,,
593,Dudley,Cloute,dcloutegg@miitbeian.gov.cn,Male,155.69.169.36,Ford
594,Yorgo,Iddy,yiddygh@chicagotribune.com,Male,,
595,Cobb,Ouldred,couldredgi@sogou.com,Male,1.82.114.222,Infiniti
596,Maura,Westcarr,mwestcarrgj@hatena.ne.jp,Female,149.96.66.130,Audi
597,Aldwin,Cady,acadygk@upenn.edu,Male,126.2.100.208,Chevrolet
598,Ber,Ellen,bellengl@123-reg.co.uk,Male,115.223.192.234,Chevrolet
599,Cazzie,Botte,cbottegm@eepurl.com,Male,82.31.140.227,Toyota
600,Iago,Gumey,igumeygn@yelp.com,Male,222.198.114.74,Isuzu
601,Dar,Van Arsdalen,dvanarsdalengo@oakley.com,Male,208.6.58.68,Lamborghini
602,Chet,Lomen,clomengp@g.co,Male,,
603,Barrie,Youhill,byouhillgq@jugem.jp,Male,,
604,Shay,Gadesby,sgadesbygr@linkedin.com,Male,82.239.89.147,Chevrolet
605,Tate,Emig,temiggs@alibaba.com,Male,78.226.38.82,Subaru
606,Berk,Tookey,btookeygt@wsj.com,Male,190.206.76.187,Volkswagen
607,Analiese,Lockie,alockiegu@opensource.org,Female,67.214.69.7,BMW
608,Gabriella,Dankov,gdankovgv@altervista.org,Female,138.177.247.61,Buick
609,Kerwinn,Colmore,kcolmoregw@mtv.com,Male,,
610,Merridie,Stobie,mstobiegx@microsoft.com,Female,83.156.171.135,Mercedes-Benz
611,Sullivan,Buxton,sbuxtongy@google.com.au,Male,146.163.242.152,Isuzu
612,Guenevere,Drinnan,gdrinnangz@histats.com,Female,,
613,Sascha,Prudham,sprudhamh0@ucsd.edu,Male,54.237.184.199,GMC
614,Rice,Chinge,rchingeh1@msu.edu,Male,169.151.91.65,Saab
615,Verne,MacClure,vmacclureh2@whitehouse.gov,Male,65.137.88.137,Land Rover
616,Kamillah,Erridge,kerridgeh3@issuu.com,Female,28.154.143.24,Mercury
617,Chadwick,Dow,cdowh4@facebook.com,Male,24.104.147.32,Dodge
618,Briney,Whitelock,bwhitelockh5@w3.org,Female,186.172.6.153,Ford
619,Silvio,Laytham,slaythamh6@goo.gl,Male,48.160.26.207,GMC
620,Montgomery,Moan,mmoanh7@tinypic.com,Male,57.21.137.215,Hyundai
621,Isabeau,Sheard,isheardh8@shop-pro.jp,Female,48.141.162.217,Volvo
622,Tedmund,England,tenglandh9@purevolume.com,Male,148.24.228.147,Lexus
623,Hope,Maytum,hmaytumha@harvard.edu,Female,175.10.149.131,Mitsubishi
624,Adelice,Radborne,aradbornehb@blog.com,Female,3.111.248.85,Plymouth
625,Ali,Stormes,astormeshc@biglobe.ne.jp,Female,235.130.9.2,Geo
626,Cherianne,Leal,clealhd@howstuffworks.com,Female,158.255.43.147,Infiniti
627,Avigdor,Lowres,alowreshe@imdb.com,Male,143.208.96.62,Ford
628,Angelita,Bover,aboverhf@cbslocal.com,Female,225.10.9.86,MINI
629,Dorrie,Baudino,dbaudinohg@1und1.de,Female,250.155.87.215,Hyundai
630,Antin,Gritsaev,agritsaevhh@mit.edu,Male,44.130.36.252,Dodge
631,Dee dee,Garnam,dgarnamhi@google.pl,Female,64.142.93.35,Buick
632,Krystalle,Cureton,kcuretonhj@wufoo.com,Female,177.60.1.246,Nissan
633,Theodoric,Forty,tfortyhk@instagram.com,Male,250.194.203.251,Suzuki
634,Kaela,Rosten,krostenhl@mit.edu,Female,6.98.253.19,Hyundai
635,Odilia,Frobisher,ofrobisherhm@nhs.uk,Female,29.70.230.177,Chevrolet
636,Archaimbaud,Dingle,adinglehn@seesaa.net,Male,70.234.169.207,Jeep
637,Benedetta,De'Vere - Hunt,bdeverehuntho@twitter.com,Female,4.232.137.152,Maybach
638,Kyle,Evangelinos,kevangelinoshp@techcrunch.com,Male,131.88.179.65,GMC
639,Etti,Kytley,ekytleyhq@dedecms.com,Female,160.235.56.118,Oldsmobile
640,Cord,Salliss,csallisshr@bigcartel.com,Male,213.77.217.155,Chevrolet
641,Lefty,Giovannardi,lgiovannardihs@disqus.com,Male,94.8.106.126,Hyundai
642,Jeanine,Hamner,jhamnerht@fastcompany.com,Female,152.157.197.71,Ferrari
643,Leigh,Mabley,lmableyhu@prweb.com,Male,122.121.173.65,Toyota
644,Therese,China,tchinahv@privacy.gov.au,Female,236.147.195.20,GMC
645,Saxon,Bangham,sbanghamhw@illinois.edu,Male,213.121.51.57,Volkswagen
646,Neron,Nurdin,nnurdinhx@slate.com,Male,,
647,Ervin,Gres,egreshy@geocities.jp,Male,212.39.25.214,Volkswagen
648,Shir,Tschursch,stschurschhz@google.nl,Female,69.184.212.118,BMW
649,Pierrette,Entwisle,pentwislei0@cbslocal.com,Female,,
650,Donal,Whelpdale,dwhelpdalei1@exblog.jp,Male,10.249.120.215,Chevrolet
651,Barr,Sall,bsalli2@over-blog.com,Male,,
652,Lem,Banck,lbancki3@mozilla.org,Male,62.152.13.16,Dodge
653,Marilyn,Danihel,mdaniheli4@1und1.de,Female,117.64.176.163,Volkswagen
654,Yvette,O'Caine,yocainei5@live.com,Female,,
655,Malachi,Demko,mdemkoi6@mtv.com,Male,63.101.135.102,Chevrolet
656,Brandon,Hullot,bhulloti7@princeton.edu,Male,207.58.18.167,Kia
657,Adrian,Drain,adraini8@phpbb.com,Female,101.12.14.213,Jeep
658,Ernest,Gowling,egowlingi9@dailymotion.com,Male,,
659,Valina,Colliard,vcolliardia@epa.gov,Female,62.104.2.124,Chevrolet
660,Jillane,Gianolini,jgianoliniib@paypal.com,Female,135.249.25.104,Jaguar
661,Andrus,Newlands,anewlandsic@ucla.edu,Male,145.45.131.184,GMC
662,Eleen,Mathison,emathisonid@sogou.com,Female,13.33.192.247,Lexus
663,Holden,Brockie,hbrockieie@tuttocitta.it,Male,145.59.236.125,GMC
664,Dorothee,O' Markey,domarkeyif@google.cn,Female,252.89.205.147,Buick
665,Dannel,Vedishchev,dvedishchevig@eventbrite.com,Male,9.206.139.81,Volkswagen
666,Joela,Gerauld,jgerauldih@google.fr,Female,83.115.29.66,Mercury
667,Guinna,Brownlea,gbrownleaii@nifty.com,Female,65.211.230.107,Toyota
668,Cesaro,Craghead,ccragheadij@yellowpages.com,Male,,
669,Tobin,Kohler,tkohlerik@hud.gov,Male,,
670,Noelani,Milby,nmilbyil@deliciousdays.com,Female,15.212.163.56,GMC
671,Maegan,Depka,mdepkaim@flickr.com,Female,127.116.221.29,Volkswagen
672,Vale,Ramplee,vrampleein@infoseek.co.jp,Male,,
673,Gerik,Addeycott,gaddeycottio@creativecommons.org,Male,65.226.168.94,Chevrolet
674,Rosie,Pressland,rpresslandip@mashable.com,Female,228.186.10.24,Mazda
675,Donica,Emlen,demleniq@mail.ru,Female,113.120.194.43,Kia
676,Colet,Eversfield,ceversfieldir@phpbb.com,Male,148.199.199.239,Dodge
677,Lind,Lilburn,llilburnis@wunderground.com,Female,119.106.138.23,Toyota
678,Carmel,Aisbett,caisbettit@bravesites.com,Female,201.187.100.99,Buick
679,Alleyn,Shory,ashoryiu@youku.com,Male,31.145.144.75,Honda
680,Ibby,Espadas,iespadasiv@apache.org,Female,2.140.194.49,Plymouth
681,Lorianne,Barnewall,lbarnewalliw@eepurl.com,Female,,
682,Dewain,Usher,dusherix@myspace.com,Male,120.153.57.2,Shelby
683,Allys,Hazard,ahazardiy@vinaora.com,Female,193.153.115.23,Mercury
684,Herby,Yatman,hyatmaniz@virginia.edu,Male,34.79.211.47,Mazda
685,Inez,Hannabuss,ihannabussj0@skyrock.com,Female,93.237.20.83,Maserati
686,Sabina,Boyn,sboynj1@goo.gl,Female,124.22.165.200,Ford
687,Dedie,Milligan,dmilliganj2@wordpress.org,Female,90.236.84.74,Kia
688,Twyla,Pottberry,tpottberryj3@omniture.com,Female,25.41.64.125,Mazda
689,Emlynne,Haxby,ehaxbyj4@umn.edu,Female,,
690,Aubrey,Presdie,apresdiej5@sun.com,Female,144.205.208.53,Oldsmobile
691,Valentino,Lehenmann,vlehenmannj6@scribd.com,Male,,
692,Kelcey,Austing,kaustingj7@smugmug.com,Female,148.143.55.177,Cadillac
693,Stewart,McGirr,smcgirrj8@facebook.com,Male,172.90.155.142,Volvo
694,Durward,Brewer,dbrewerj9@narod.ru,Male,39.66.80.211,Dodge
695,Brice,Gemeau,bgemeauja@patch.com,Male,138.62.191.135,Acura
696,Virgie,Trustey,vtrusteyjb@noaa.gov,Male,123.3.69.156,Porsche
697,Ase,McGauhy,amcgauhyjc@soup.io,Male,236.98.87.60,Nissan
698,Davide,Symington,dsymingtonjd@salon.com,Male,16.87.32.139,Dodge
699,Sayres,Gowenlock,sgowenlockje@wunderground.com,Male,248.169.81.42,Mitsubishi
700,Lanny,Revening,lreveningjf@canalblog.com,Male,249.235.238.117,Chevrolet
701,Ange,Nan Carrow,anancarrowjg@posterous.com,Male,9.191.181.238,Toyota
702,Clayton,Gayther,cgaytherjh@foxnews.com,Male,176.108.5.38,Pontiac
703,Camille,Drummond,cdrummondji@yale.edu,Female,94.88.170.4,GMC
704,Nicky,Howen,nhowenjj@woothemes.com,Male,239.222.175.29,GMC
705,Sharlene,Fenge,sfengejk@soup.io,Female,,
706,Fidel,Causby,fcausbyjl@google.ru,Male,,
707,Jemmy,Comelli,jcomellijm@vinaora.com,Female,133.110.9.66,Mitsubishi
708,Anjela,McCreedy,amccreedyjn@scribd.com,Female,,
709,Mendel,Durdle,mdurdlejo@youtu.be,Male,106.11.178.219,Chevrolet
710,Weston,Oxteby,woxtebyjp@mit.edu,Male,101.73.24.16,Nissan
711,Barrie,Morch,bmorchjq@techcrunch.com,Male,253.93.9.153,Isuzu
712,Saxon,Klais,sklaisjr@nps.gov,Male,115.171.187.51,Lexus
713,Carrol,Lathleiff,clathleiffjs@mtv.com,Male,115.229.120.115,Plymouth
714,Bette,Matelyunas,bmatelyunasjt@newsvine.com,Female,156.209.94.25,Toyota
715,Gabriello,Ortler,gortlerju@cocolog-nifty.com,Male,12.248.239.21,Buick
716,Nananne,Juorio,njuoriojv@prlog.org,Female,62.253.252.105,Mercedes-Benz
717,Ernest,Klagges,eklaggesjw@taobao.com,Male,203.167.247.111,Chevrolet
718,Lion,Slaight,lslaightjx@phpbb.com,Male,,
719,Dalli,Vernall,dvernalljy@smh.com.au,Male,,
720,Sutherland,Jinkin,sjinkinjz@mail.ru,Male,227.247.5.133,Chevrolet
721,Mitzi,Spaight,mspaightk0@comsenz.com,Female,53.192.146.155,Jeep
722,Elsi,Gulk,egulkk1@google.com,Female,255.236.231.197,Chevrolet
723,Judie,Anstead,jansteadk2@reddit.com,Female,60.159.44.0,Ford
724,Sax,Ewington,sewingtonk3@berkeley.edu,Male,218.8.183.61,Eagle
725,Waldon,Rizzardo,wrizzardok4@army.mil,Male,149.15.161.189,Porsche
726,Levin,Thying,lthyingk5@seesaa.net,Male,,
727,Leia,Shernock,lshernockk6@toplist.cz,Female,144.6.10.132,Mitsubishi
728,Tami,Whitloe,twhitloek7@wufoo.com,Female,,
729,Ros,Denley,rdenleyk8@plala.or.jp,Female,235.19.78.186,Volvo
730,Bunny,Airs,bairsk9@slate.com,Female,,
731,Maurie,Rice,mriceka@sciencedaily.com,Male,,
732,Mathian,Rozzell,mrozzellkb@ning.com,Male,62.132.119.113,Oldsmobile
733,Kimberlyn,Nuttey,knutteykc@berkeley.edu,Female,137.80.56.150,Cadillac
734,Candida,Schulze,cschulzekd@nsw.gov.au,Female,214.88.4.151,Lexus
735,Aleta,Mottershaw,amottershawke@nymag.com,Female,224.148.133.189,Jeep
736,Sylvan,Routham,srouthamkf@ucla.edu,Male,211.145.140.203,Ford
737,Beryle,Alston,balstonkg@telegraph.co.uk,Female,93.237.186.127,Volkswagen
738,Maribeth,Parnham,mparnhamkh@cbsnews.com,Female,82.6.244.6,Buick
739,Prentice,MacQuaker,pmacquakerki@hubpages.com,Male,31.95.17.117,BMW
740,Yank,Peres,ypereskj@sina.com.cn,Male,,
741,Jody,Speed,jspeedkk@yandex.ru,Female,40.131.209.180,Chevrolet
742,Brice,Vickars,bvickarskl@upenn.edu,Male,,
743,Leif,McIntee,lmcinteekm@oracle.com,Male,,
744,Rubin,Trenear,rtrenearkn@springer.com,Male,124.67.210.26,Volvo
745,Noam,Maseyk,nmaseykko@newyorker.com,Male,42.14.64.42,Volkswagen
746,Lishe,Fuchs,lfuchskp@cloudflare.com,Female,,
747,Dorothy,Reignard,dreignardkq@wsj.com,Female,158.225.55.95,Geo
748,Annalee,Chainey,achaineykr@redcross.org,Female,192.49.85.46,Saab
749,Annora,Richardot,arichardotks@toplist.cz,Female,160.55.192.196,Ford
750,Stesha,Kebbell,skebbellkt@google.de,Female,196.183.45.196,Toyota
751,Tiphani,Thorburn,tthorburnku@unblog.fr,Female,231.11.184.147,GMC
752,Shaylyn,L' Estrange,slestrangekv@cbslocal.com,Female,56.232.161.251,Suzuki
753,Elaine,Stotherfield,estotherfieldkw@opera.com,Female,182.47.221.109,Mazda
754,Abbie,Krollmann,akrollmannkx@independent.co.uk,Female,228.112.74.58,Audi
755,Trevar,Hubbard,thubbardky@army.mil,Male,219.206.180.50,BMW
756,Clayson,Sotheby,csothebykz@mac.com,Male,,
757,Morry,Gillford,mgillfordl0@yelp.com,Male,,
758,Ros,Bottlestone,rbottlestonel1@accuweather.com,Female,174.89.93.222,Lotus
759,Thom,Heartfield,theartfieldl2@discuz.net,Male,189.60.232.215,Buick
760,Belvia,Gadsby,bgadsbyl3@wikipedia.org,Female,243.20.91.77,BMW
761,Denney,Littlejohns,dlittlejohnsl4@soundcloud.com,Male,,
762,Doy,Carrabot,dcarrabotl5@sciencedirect.com,Male,222.232.237.242,BMW
763,Marvin,Dunbobbin,mdunbobbinl6@tripadvisor.com,Male,169.23.29.150,Chevrolet
764,Loren,Guiso,lguisol7@hc360.com,Male,206.196.127.180,Lexus
765,Rodge,Spiller,rspillerl8@google.pl,Male,247.154.163.73,Lamborghini
766,Sandi,Milleton,smilletonl9@adobe.com,Female,80.228.107.237,Mercedes-Benz
767,Brod,Skedge,bskedgela@nyu.edu,Male,139.244.232.95,Audi
768,Thibaud,Robottham,trobotthamlb@virginia.edu,Male,55.31.253.78,Mitsubishi
769,Vasily,Jeffress,vjeffresslc@shop-pro.jp,Male,101.146.91.252,Ford
770,Blondie,Channer,bchannerld@si.edu,Female,142.44.70.34,Plymouth
771,Vania,McLanaghan,vmclanaghanle@ask.com,Female,,
772,Emelen,Yankov,eyankovlf@ihg.com,Male,227.30.40.234,Audi
773,Tatum,MacCumeskey,tmaccumeskeylg@cnn.com,Female,112.165.147.243,Ford
774,Jarid,Joesbury,jjoesburylh@ycombinator.com,Male,207.38.210.211,Buick
775,Viviyan,McMennum,vmcmennumli@youku.com,Female,158.86.82.175,Dodge
776,Killian,Seiler,kseilerlj@senate.gov,Male,69.248.175.193,Dodge
777,Bartholomew,Nuzzi,bnuzzilk@imgur.com,Male,189.209.25.45,Land Rover
778,Northrop,Ismirnioglou,nismirniogloull@mit.edu,Male,239.1.151.38,Volkswagen
779,Brigid,Bartholomew,bbartholomewlm@tinyurl.com,Female,8.66.43.3,Aston Martin
780,Star,Skeldon,sskeldonln@ocn.ne.jp,Female,147.134.97.247,Mitsubishi
781,Sutherlan,Chataignier,schataignierlo@usa.gov,Male,136.160.161.85,Audi
782,Iseabal,Presslee,ipressleelp@rakuten.co.jp,Female,106.107.192.180,Ford
783,Lauralee,Windley,lwindleylq@smh.com.au,Female,203.17.198.136,Mercedes-Benz
784,Hartwell,Bottleson,hbottlesonlr@psu.edu,Male,,
785,Arthur,Klimentyev,aklimentyevls@tamu.edu,Male,23.169.156.178,Volkswagen
786,Niles,Quiddinton,nquiddintonlt@etsy.com,Male,3.174.134.217,Volvo
787,Mellie,Samuels,msamuelslu@un.org,Female,230.0.117.218,Audi
788,Bastian,Hanford,bhanfordlv@wikipedia.org,Male,,
789,Tildy,Marde,tmardelw@goo.gl,Female,180.203.77.178,Honda
790,Winfred,Mingard,wmingardlx@dell.com,Male,143.184.205.194,Lincoln
791,Tish,Bernardes,tbernardesly@360.cn,Female,,
792,Hannis,Kelberer,hkelbererlz@businesswire.com,Female,22.194.186.144,Chevrolet
793,Reginald,Muehle,rmuehlem0@eventbrite.com,Male,236.43.6.141,Ford
794,Hetty,Hadeke,hhadekem1@drupal.org,Female,16.181.83.69,Jaguar
795,Carley,Skitral,cskitralm2@ucoz.ru,Female,19.28.59.47,Mitsubishi
796,Grant,Dabney,gdabneym3@google.ca,Male,17.253.73.198,Subaru
797,Davy,Culvey,dculveym4@yellowpages.com,Male,109.10.41.236,Jaguar
798,Allayne,Trouncer,atrouncerm5@delicious.com,Male,106.78.118.72,Pontiac
799,Chrysa,Hugett,chugettm6@symantec.com,Female,224.16.142.189,Lincoln
800,Andrus,Walsom,awalsomm7@reverbnation.com,Male,,
801,Hollis,Caush,hcaushm8@ucsd.edu,Male,111.211.230.250,Subaru
802,Yance,Baruch,ybaruchm9@studiopress.com,Male,69.144.158.86,Mazda
803,Dorette,Kemell,dkemellma@barnesandnoble.com,Female,2.204.251.228,GMC
804,Stanleigh,Woffenden,swoffendenmb@dailymotion.com,Male,147.106.18.101,Dodge
805,Siffre,Navarre,snavarremc@list-manage.com,Male,81.59.245.90,Mercedes-Benz
806,Florri,Kryszka,fkryszkamd@narod.ru,Female,,
807,Frieda,Tommaseo,ftommaseome@npr.org,Female,111.228.139.64,Porsche
808,Celestyn,Newband,cnewbandmf@china.com.cn,Female,135.16.191.182,BMW
809,Barrie,Vogele,bvogelemg@earthlink.net,Male,,
810,Beaufort,Leist,bleistmh@ihg.com,Male,139.175.122.78,Cadillac
811,Tadeo,Drew,tdrewmi@cisco.com,Male,98.242.245.180,BMW
812,Ashlan,O'Dowling,aodowlingmj@plala.or.jp,Female,,
813,Calhoun,Pideon,cpideonmk@ehow.com,Male,6.221.197.230,BMW
814,Curcio,Payze,cpayzeml@princeton.edu,Male,211.241.191.26,Ford
815,Killian,Yakobovitz,kyakobovitzmm@delicious.com,Male,79.157.9.58,Mercedes-Benz
816,Spike,Gommes,sgommesmn@va.gov,Male,164.89.123.91,Pontiac
817,Beverley,Kissick,bkissickmo@purevolume.com,Female,125.174.113.21,Dodge
818,Mariana,Gerok,mgerokmp@hc360.com,Female,77.98.231.43,Infiniti
819,Sarena,Bullingham,sbullinghammq@seesaa.net,Female,251.39.156.11,Saab
820,Matty,Kitchiner,mkitchinermr@sina.com.cn,Female,,
821,Virge,Wabersich,vwabersichms@tinypic.com,Male,39.49.131.147,GMC
822,Jethro,Cassells,jcassellsmt@desdev.cn,Male,,
823,Corabella,Curtiss,ccurtissmu@ox.ac.uk,Female,53.135.84.186,Chevrolet
824,Josselyn,Corp,jcorpmv@dropbox.com,Female,,
825,Rowena,Shevell,rshevellmw@bloglovin.com,Female,164.34.197.236,BMW
826,Shawna,Haensel,shaenselmx@patch.com,Female,81.104.174.192,Volkswagen
827,Holly,Riddle,hriddlemy@amazon.de,Female,92.24.179.170,Lexus
828,Debi,Grewe,dgrewemz@wikia.com,Female,122.88.82.62,Toyota
829,Ginevra,Fotitt,gfotittn0@nba.com,Female,,
830,Royall,Moehler,rmoehlern1@narod.ru,Male,10.20.92.41,Chevrolet
831,Archibaldo,Clunan,aclunann2@intel.com,Male,,
832,Jean,Staden,jstadenn3@europa.eu,Female,126.76.91.140,Volkswagen
833,Keane,McMylor,kmcmylorn4@npr.org,Male,220.210.81.61,Mercedes-Benz
834,Claudell,Sewall,csewalln5@cornell.edu,Male,91.198.14.180,GMC
835,Stoddard,Sandwich,ssandwichn6@instagram.com,Female,212.241.41.241,Lexus
836,Noland,Belchamp,nbelchampn7@naver.com,Male,7.51.170.97,Toyota
837,Anthony,Walklett,awalklettn8@guardian.co.uk,Male,,
838,Krishnah,Vaughten,kvaughtenn9@hostgator.com,Male,234.242.197.60,BMW
839,Iolande,Yurivtsev,iyurivtsevna@dot.gov,Female,223.242.193.118,Maybach
840,Woody,Fairbourn,wfairbournnb@geocities.jp,Male,,
841,Cece,Clemenza,cclemenzanc@unicef.org,Male,58.33.171.11,Kia
842,Dedra,Bliven,dblivennd@yahoo.co.jp,Female,58.32.237.77,GMC
843,Tawsha,Yakuntzov,tyakuntzovne@howstuffworks.com,Female,,
844,Kile,Fowell,kfowellnf@posterous.com,Male,,
845,Tara,Shailer,tshailerng@mail.ru,Female,99.119.136.46,Mercury
846,Alla,Czaja,aczajanh@jimdo.com,Female,157.125.50.116,BMW
847,Odo,Tour,otourni@usda.gov,Male,129.249.210.99,Lincoln
848,Lynnett,Tole,ltolenj@ucsd.edu,Female,84.208.253.108,Chevrolet
849,Eldridge,Balnaves,ebalnavesnk@mysql.com,Male,136.47.64.96,Kia
850,Tabitha,Rummery,trummerynl@microsoft.com,Female,69.123.205.65,Isuzu
851,Janek,Flello,jflellonm@clickbank.net,Male,57.233.32.75,Cadillac
852,Duffie,Fitzer,dfitzernn@t-online.de,Male,224.70.150.186,Mitsubishi
853,Maegan,Stigell,mstigellno@soup.io,Female,157.24.77.121,Saab
854,Joan,MacDiarmond,jmacdiarmondnp@nationalgeographic.com,Female,,
855,Broddy,Meads,bmeadsnq@marriott.com,Male,138.194.242.149,Lexus
856,Cosette,Gonin,cgoninnr@scientificamerican.com,Female,87.212.128.123,GMC
857,Hort,Colquhoun,hcolquhounns@va.gov,Male,,
858,Amalita,Durward,adurwardnt@fotki.com,Female,,
859,Kassia,Pygott,kpygottnu@hatena.ne.jp,Female,,
860,Sheri,Float,sfloatnv@dot.gov,Female,223.64.25.217,BMW
861,Jasper,McIlvoray,jmcilvoraynw@npr.org,Male,222.178.60.100,Hyundai
862,Trefor,Clues,tcluesnx@example.com,Male,44.139.62.103,Land Rover
863,Sibyl,Stuehmeyer,sstuehmeyerny@weather.com,Female,137.162.4.165,Rolls-Royce
864,Selestina,MacDermand,smacdermandnz@yolasite.com,Female,247.238.175.248,Mercury
865,Melisse,Garralts,mgarraltso0@ibm.com,Female,124.118.220.74,Nissan
866,Lizabeth,Lesmonde,llesmondeo1@prlog.org,Female,91.62.89.119,GMC
867,Lorena,Greeson,lgreesono2@privacy.gov.au,Female,163.214.194.60,Lincoln
868,Worthington,Hauxley,whauxleyo3@unc.edu,Male,137.39.70.147,Mitsubishi
869,Nerita,Jimmison,njimmisono4@wikispaces.com,Female,54.211.255.184,Subaru
870,Lincoln,Sherwyn,lsherwyno5@addtoany.com,Male,,
871,Ellery,Sorey,esoreyo6@blogger.com,Male,,
872,Gal,Silkstone,gsilkstoneo7@businesswire.com,Male,,
873,Gussi,Kinneally,gkinneallyo8@nyu.edu,Female,94.66.209.1,Honda
874,Siana,Christian,schristiano9@bloglines.com,Female,,
875,Evelyn,Bunston,ebunstonoa@shinystat.com,Male,5.61.137.28,Mazda
876,Lief,Simes,lsimesob@exblog.jp,Male,126.128.114.81,Eagle
877,Gayle,Askew,gaskewoc@taobao.com,Female,207.226.224.114,Mercedes-Benz
878,Sheffie,Wateridge,swateridgeod@amazon.com,Male,109.233.22.215,Nissan
879,Zonda,Larrie,zlarrieoe@apache.org,Female,190.20.61.43,Chevrolet
880,Talia,Fenner,tfennerof@hibu.com,Female,126.156.166.179,Isuzu
881,Madelin,Folbigg,mfolbiggog@rakuten.co.jp,Female,169.70.245.244,Ram
882,Waylan,Sylett,wsylettoh@yale.edu,Male,189.183.44.132,Bentley
883,Ranna,Gages,rgagesoi@marketwatch.com,Female,122.119.165.168,Pontiac
884,Whitby,Simakov,wsimakovoj@mtv.com,Male,171.248.112.25,Lamborghini
885,Dickie,MacCarlich,dmaccarlichok@google.ca,Male,220.15.186.193,Dodge
886,Wynny,Cromer,wcromerol@deliciousdays.com,Female,7.89.210.93,Nissan
887,Harman,Amort,hamortom@amazon.co.uk,Male,110.214.12.47,Ford
888,Roddy,Sorrell,rsorrellon@diigo.com,Male,206.205.34.255,Geo
889,Jannel,Seagrove,jseagroveoo@harvard.edu,Female,117.43.58.70,Nissan
890,Shirleen,Archbould,sarchbouldop@netlog.com,Female,131.108.156.126,Volkswagen
891,Levey,Call,lcalloq@istockphoto.com,Male,,
892,Niven,Kubal,nkubalor@example.com,Male,144.120.191.157,Lincoln
893,Hyacinth,Hum,hhumos@intel.com,Female,,
894,Cordula,Manderson,cmandersonot@com.com,Female,158.93.229.62,BMW
895,Hughie,Lindsell,hlindsellou@reverbnation.com,Male,50.115.10.211,Pontiac
896,Saidee,Martynka,smartynkaov@usda.gov,Female,4.178.80.103,Dodge
897,Jo-anne,Spruce,jspruceow@pen.io,Female,,
898,Marian,O'Reagan,moreaganox@posterous.com,Female,28.166.147.43,GMC
899,Demetris,Forri,dforrioy@tumblr.com,Female,224.28.228.12,Mazda
900,Eirena,Briar,ebriaroz@nih.gov,Female,,
901,Fairfax,Monkleigh,fmonkleighp0@narod.ru,Male,244.85.216.189,GMC
902,Jelene,Bertouloume,jbertouloumep1@quantcast.com,Female,54.181.107.26,Buick
903,Athena,Stukings,astukingsp2@engadget.com,Female,82.108.125.131,Honda
904,Mychal,Parlett,mparlettp3@washington.edu,Male,210.167.129.153,Mercedes-Benz
905,Ephrayim,Arniz,earnizp4@buzzfeed.com,Male,187.230.178.35,Cadillac
906,Demetrius,Burgott,dburgottp5@dmoz.org,Male,225.58.68.135,Cadillac
907,Corry,Coiley,ccoileyp6@goo.gl,Female,,
908,Josi,Iredale,jiredalep7@comcast.net,Female,82.104.235.148,Porsche
909,Meriel,Islep,mislepp8@netlog.com,Female,3.62.210.4,Ford
910,Avictor,Pennini,apenninip9@canalblog.com,Male,55.155.102.151,Pontiac
911,Reine,Barford,rbarfordpa@nifty.com,Female,213.86.123.134,Chevrolet
912,Constance,McCombe,cmccombepb@surveymonkey.com,Female,119.204.124.180,Ford
913,Dorthy,Odde,doddepc@tumblr.com,Female,,
914,Bondon,Ballard,bballardpd@linkedin.com,Male,65.27.241.90,Mitsubishi
915,Danie,Appleton,dappletonpe@behance.net,Male,58.190.9.141,Toyota
916,Kleon,Ramas,kramaspf@artisteer.com,Male,189.235.156.104,Jeep
917,Torr,Nehl,tnehlpg@github.com,Male,152.10.236.218,Plymouth
918,Trula,O'Hegertie,tohegertieph@latimes.com,Female,181.46.121.20,Spyker
919,Sabra,Floris,sflorispi@ftc.gov,Female,,
920,Justen,Senussi,jsenussipj@ucoz.ru,Male,254.120.52.44,Mercedes-Benz
921,Jamill,Boldero,jbolderopk@de.vu,Male,,
922,Quint,Parham,qparhampl@vistaprint.com,Male,96.226.70.115,Mercedes-Benz
923,Constantin,St Angel,cstangelpm@omniture.com,Male,251.194.203.1,Porsche
924,Karlotta,Fernier,kfernierpn@telegraph.co.uk,Female,,
925,Darcy,Roache,droachepo@fotki.com,Male,,
926,Rianon,Martinovic,rmartinovicpp@etsy.com,Female,,
927,Leslie,Barrick,lbarrickpq@angelfire.com,Female,119.110.145.54,Ford
928,Carl,Gleave,cgleavepr@mozilla.org,Male,150.49.108.66,Mercury
929,Catherin,Fannin,cfanninps@4shared.com,Female,,
930,Sonny,McBryde,smcbrydept@intel.com,Female,230.165.80.54,Infiniti
931,Enoch,Pitfield,epitfieldpu@live.com,Male,113.142.112.59,Pontiac
932,Willyt,Querree,wquerreepv@yandex.ru,Female,,
933,Lindsay,McSparran,lmcsparranpw@cyberchimps.com,Male,78.204.53.180,Chevrolet
934,Tory,Cleworth,tcleworthpx@wordpress.com,Female,,
935,Hubert,Philippe,hphilippepy@europa.eu,Male,,
936,Yulma,Gilhespy,ygilhespypz@sphinn.com,Male,49.216.130.158,Toyota
937,Annaliese,Beament,abeamentq0@ca.gov,Female,114.32.171.223,GMC
938,Marcel,Blaskett,mblaskettq1@irs.gov,Male,13.87.249.242,Volvo
939,Henrietta,Paige,hpaigeq2@nyu.edu,Female,,
940,Kincaid,Sedworth,ksedworthq3@twitpic.com,Male,,
941,Xylina,Keilty,xkeiltyq4@diigo.com,Female,183.27.166.24,Audi
942,Colline,Padbury,cpadburyq5@biglobe.ne.jp,Female,224.99.242.154,Hyundai
943,Moreen,Dumbar,mdumbarq6@quantcast.com,Female,88.229.141.60,GMC
944,Greggory,Lesaunier,glesaunierq7@techcrunch.com,Male,161.243.83.133,Chevrolet
945,Fremont,Haggarth,fhaggarthq8@china.com.cn,Male,14.148.226.203,Dodge
946,Brenda,Punyer,bpunyerq9@nationalgeographic.com,Female,,
947,Arthur,Jandak,ajandakqa@aboutads.info,Male,74.210.3.71,Mitsubishi
948,Anastasia,Moreing,amoreingqb@oakley.com,Female,87.77.66.130,Audi
949,Caressa,Flecknoe,cflecknoeqc@tripod.com,Female,49.64.137.217,Ford
950,Bret,Height,bheightqd@ihg.com,Male,128.28.118.104,Land Rover
951,Zebulen,Gilhool,zgilhoolqe@berkeley.edu,Male,118.128.12.238,Nissan
952,Oliviero,Antoniutti,oantoniuttiqf@odnoklassniki.ru,Male,117.167.245.188,GMC
953,Geri,Kincla,gkinclaqg@meetup.com,Male,201.175.12.204,Ford
954,Dan,Holligan,dholliganqh@wired.com,Male,151.162.176.198,Cadillac
955,Wald,Souttar,wsouttarqi@senate.gov,Male,79.200.199.52,Toyota
956,Brent,Kemery,bkemeryqj@ovh.net,Male,105.157.114.44,Toyota
957,Leland,Wallsam,lwallsamqk@surveymonkey.com,Male,157.218.169.155,MINI
958,Marcello,Milington,mmilingtonql@alexa.com,Male,,
959,Bernita,Connerly,bconnerlyqm@harvard.edu,Female,210.23.74.101,Mazda
960,Cassandra,Valenta,cvalentaqn@reference.com,Female,19.118.140.10,Chrysler
961,Sheeree,Tie,stieqo@reuters.com,Female,84.154.220.65,Lincoln
962,Irena,Officer,iofficerqp@blinklist.com,Female,206.155.175.173,Dodge
963,Nolana,Sawers,nsawersqq@vimeo.com,Female,109.162.160.246,Chrysler
964,Margareta,Flaws,mflawsqr@epa.gov,Female,,
965,Dionisio,Meus,dmeusqs@netscape.com,Male,,
966,Ulick,Ricard,uricardqt@go.com,Male,194.137.24.102,Hyundai
967,Sharleen,Pigden,spigdenqu@vinaora.com,Female,171.108.155.35,Acura
968,Brigida,Urlich,burlichqv@indiegogo.com,Female,26.181.12.230,Toyota
969,Meghan,Crossthwaite,mcrossthwaiteqw@google.fr,Female,,
970,Elizabet,Drieu,edrieuqx@foxnews.com,Female,7.162.37.161,Land Rover
971,Berkie,Dilleway,bdillewayqy@blogger.com,Male,,
972,Frannie,Smaridge,fsmaridgeqz@yahoo.com,Male,127.49.44.208,Isuzu
973,Robbie,McElhargy,rmcelhargyr0@indiegogo.com,Female,188.217.53.229,BMW
974,Hort,Richards,hrichardsr1@disqus.com,Male,194.239.81.140,Subaru
975,Marlyn,Gurwood,mgurwoodr2@apple.com,Female,190.30.57.49,Mitsubishi
976,Bond,Balloch,bballochr3@blogger.com,Male,119.115.7.208,Chrysler
977,Coriss,Keel,ckeelr4@slideshare.net,Female,93.131.48.65,Mitsubishi
978,Ellen,Klimkiewich,eklimkiewichr5@fc2.com,Female,116.94.201.45,Dodge
979,Bartram,Djurdjevic,bdjurdjevicr6@wiley.com,Male,,
980,Duff,Hambrick,dhambrickr7@goodreads.com,Male,138.0.89.158,Lincoln
981,Bradford,Malzard,bmalzardr8@printfriendly.com,Male,41.27.139.206,GMC
982,Iolande,Pundy,ipundyr9@intel.com,Female,243.50.100.36,Oldsmobile
983,Roi,Santon,rsantonra@walmart.com,Male,74.195.114.242,Saab
984,Laurie,Bountiff,lbountiffrb@msu.edu,Female,223.244.244.214,Kia
985,Brody,Cathery,bcatheryrc@unblog.fr,Male,,
986,Cobbie,MacGraith,cmacgraithrd@stanford.edu,Male,61.88.236.251,Cadillac
987,Holt,Layton,hlaytonre@wsj.com,Male,,
988,Kennett,Goulston,kgoulstonrf@msn.com,Male,26.175.209.131,Mitsubishi
989,Antin,Antognazzi,aantognazzirg@dailymotion.com,Male,222.253.145.238,GMC
990,Franklin,Hawson,fhawsonrh@weather.com,Male,112.225.5.200,Honda
991,Portia,Bambridge,pbambridgeri@issuu.com,Female,36.172.232.15,Mitsubishi
992,Celinda,Twelftree,ctwelftreerj@addthis.com,Female,84.69.224.99,Audi
993,Jo,Tomaszkiewicz,jtomaszkiewiczrk@comsenz.com,Female,107.189.247.146,Chevrolet
994,Annabella,Ebbett,aebbettrl@bing.com,Female,,
995,Rowen,Farre,rfarrerm@usatoday.com,Male,77.146.217.77,Ford
996,Linn,Jerram,ljerramrn@kickstarter.com,Male,129.207.191.5,Lexus
997,Karoly,Nyles,knylesro@cnet.com,Male,22.48.129.107,Ford
998,Rusty,Burgyn,rburgynrp@utexas.edu,Male,184.116.174.45,Dodge
999,Gay,Molyneaux,gmolyneauxrq@wisc.edu,Female,233.144.62.127,Chrysler
1000,Rosamond,Ivanin,rivaninrr@cam.ac.uk,Female,,
